entity_id,name,type,status,owner_id,description,priority,risk_level,properties,created_at,updated_at
person-0,Rowan Carter,Person,active,,,,,"{""email"": ""rowan.carter0@example.com"", ""org_unit"": ""Data""}",2025-01-01T00:42:00,
person-1,Drew Pierce,Person,active,,,,,"{""email"": ""drew.pierce1@example.com"", ""org_unit"": ""Growth""}",2025-01-01T00:43:00,
person-2,Quinn Jovanovic,Person,active,,,,,"{""email"": ""quinn.jovanovic2@example.com"", ""org_unit"": ""Platform""}",2025-01-01T00:44:00,
person-3,Ira Cortez,Person,active,,,,,"{""email"": ""ira.cortez3@example.com"", ""org_unit"": ""Platform""}",2025-01-01T00:45:00,
person-4,Taylor Grant,Person,active,,,,,"{""email"": ""taylor.grant4@example.com"", ""org_unit"": ""Growth""}",2025-01-01T00:46:00,
person-5,Cameron Huxley,Person,active,,,,,"{""email"": ""cameron.huxley5@example.com"", ""org_unit"": ""Platform""}",2025-01-01T00:47:00,
person-6,Gale Nakamura,Person,active,,,,,"{""email"": ""gale.nakamura6@example.com"", ""org_unit"": ""EMEA""}",2025-01-01T00:48:00,
person-7,Cameron Duvall,Person,active,,,,,"{""email"": ""cameron.duvall7@example.com"", ""org_unit"": ""Data""}",2025-01-01T00:49:00,
person-8,Jordan Lindqvist,Person,active,,,,,"{""email"": ""jordan.lindqvist8@example.com"", ""org_unit"": ""EMEA""}",2025-01-01T00:50:00,
person-9,Kendall Sato,Person,active,,,,,"{""email"": ""kendall.sato9@example.com"", ""org_unit"": ""Growth""}",2025-01-01T00:51:00,
person-10,Elliot Wexler,Person,active,,,,,"{""email"": ""elliot.wexler10@example.com"", ""org_unit"": ""Platform""}",2025-01-01T00:52:00,
person-11,Avery Zabala,Person,active,,,,,"{""email"": ""avery.zabala11@example.com"", ""org_unit"": ""Platform""}",2025-01-01T00:53:00,
person-12,Peyton Xu,Person,active,,,,,"{""email"": ""peyton.xu12@example.com"", ""org_unit"": ""Data""}",2025-01-01T00:54:00,
person-13,Morgan Estrada,Person,active,,,,,"{""email"": ""morgan.estrada13@example.com"", ""org_unit"": ""Platform""}",2025-01-01T00:55:00,
person-14,Harper Grant,Person,active,,,,,"{""email"": ""harper.grant14@example.com"", ""org_unit"": ""Data""}",2025-01-01T00:56:00,
person-15,Kip Yates,Person,active,,,,,"{""email"": ""kip.yates15@example.com"", ""org_unit"": ""Growth""}",2025-01-01T00:57:00,
person-16,Riley Delgado,Person,active,,,,,"{""email"": ""riley.delgado16@example.com"", ""org_unit"": ""Growth""}",2025-01-01T00:58:00,
person-17,Sage Grant,Person,active,,,,,"{""email"": ""sage.grant17@example.com"", ""org_unit"": ""Growth""}",2025-01-01T00:59:00,
person-18,Quinn Zabala,Person,active,,,,,"{""email"": ""quinn.zabala18@example.com"", ""org_unit"": ""Data""}",2025-01-01T01:00:00,
person-19,Wren Yates,Person,active,,,,,"{""email"": ""wren.yates19@example.com"", ""org_unit"": ""Growth""}",2025-01-01T01:01:00,
person-20,Marlowe Xu,Person,active,,,,,"{""email"": ""marlowe.xu20@example.com"", ""org_unit"": ""Growth""}",2025-01-01T01:02:00,
person-21,Sawyer Foster,Person,active,,,,,"{""email"": ""sawyer.foster21@example.com"", ""org_unit"": ""Growth""}",2025-01-01T01:03:00,
person-22,Frankie Quaid,Person,active,,,,,"{""email"": ""frankie.quaid22@example.com"", ""org_unit"": ""Growth""}",2025-01-01T01:04:00,
person-23,Wren Zabala,Person,active,,,,,"{""email"": ""wren.zabala23@example.com"", ""org_unit"": ""Data""}",2025-01-01T01:05:00,
person-24,Gale Pierce,Person,active,,,,,"{""email"": ""gale.pierce24@example.com"", ""org_unit"": ""Data""}",2025-01-01T01:06:00,
person-25,Casey Pierce,Person,active,,,,,"{""email"": ""casey.pierce25@example.com"", ""org_unit"": ""Platform""}",2025-01-01T01:07:00,
person-26,Dakota Abara,Person,active,,,,,"{""email"": ""dakota.abara26@example.com"", ""org_unit"": ""Data""}",2025-01-01T01:08:00,
person-27,Riley Osei,Person,active,,,,,"{""email"": ""riley.osei27@example.com"", ""org_unit"": ""Data""}",2025-01-01T01:09:00,
person-28,Elliot Gable,Person,active,,,,,"{""email"": ""elliot.gable28@example.com"", ""org_unit"": ""EMEA""}",2025-01-01T01:10:00,
person-29,Wren Keller,Person,active,,,,,"{""email"": ""wren.keller29@example.com"", ""org_unit"": ""Data""}",2025-01-01T01:11:00,
person-30,Skyler Quaid,Person,active,,,,,"{""email"": ""skyler.quaid30@example.com"", ""org_unit"": ""Data""}",2025-01-01T01:12:00,
person-31,Ira Cortez,Person,active,,,,,"{""email"": ""ira.cortez31@example.com"", ""org_unit"": ""EMEA""}",2025-01-01T01:13:00,
person-32,Marlowe Pierce,Person,active,,,,,"{""email"": ""marlowe.pierce32@example.com"", ""org_unit"": ""Growth""}",2025-01-01T01:14:00,
person-33,Cy Gable,Person,active,,,,,"{""email"": ""cy.gable33@example.com"", ""org_unit"": ""Platform""}",2025-01-01T01:15:00,
person-34,Casey Ingram,Person,active,,,,,"{""email"": ""casey.ingram34@example.com"", ""org_unit"": ""Growth""}",2025-01-01T01:16:00,
person-35,Emerson Cortez,Person,active,,,,,"{""email"": ""emerson.cortez35@example.com"", ""org_unit"": ""Platform""}",2025-01-01T01:17:00,
person-36,Harper Zabala,Person,active,,,,,"{""email"": ""harper.zabala36@example.com"", ""org_unit"": ""EMEA""}",2025-01-01T01:18:00,
person-37,Denny Reyes,Person,active,,,,,"{""email"": ""denny.reyes37@example.com"", ""org_unit"": ""Platform""}",2025-01-01T01:19:00,
person-38,Rowan Jovanovic,Person,active,,,,,"{""email"": ""rowan.jovanovic38@example.com"", ""org_unit"": ""Data""}",2025-01-01T01:20:00,
person-39,Kendall Ingram,Person,active,,,,,"{""email"": ""kendall.ingram39@example.com"", ""org_unit"": ""Data""}",2025-01-01T01:21:00,
risk-0,Risk: security gap #0,Risk,open,,Identified risk tracked against one or more initiatives or projects.,high,critical,{},2025-01-01T17:22:00,
risk-1,Risk: vendor delay #1,Risk,open,,Identified risk tracked against one or more initiatives or projects.,medium,medium,{},2025-01-01T17:23:00,
risk-2,Risk: budget cut #2,Risk,open,,Identified risk tracked against one or more initiatives or projects.,critical,high,{},2025-01-01T17:24:00,
risk-3,Risk: budget cut #3,Risk,open,,Identified risk tracked against one or more initiatives or projects.,high,medium,{},2025-01-01T17:25:00,
risk-4,Risk: scope creep #4,Risk,open,,Identified risk tracked against one or more initiatives or projects.,high,low,{},2025-01-01T17:26:00,
risk-5,Risk: budget cut #5,Risk,open,,Identified risk tracked against one or more initiatives or projects.,medium,critical,{},2025-01-01T17:27:00,
risk-6,Risk: vendor delay #6,Risk,open,,Identified risk tracked against one or more initiatives or projects.,critical,high,{},2025-01-01T17:28:00,
risk-7,Risk: scope creep #7,Risk,open,,Identified risk tracked against one or more initiatives or projects.,high,low,{},2025-01-01T17:29:00,
risk-8,Risk: staffing gap #8,Risk,open,,Identified risk tracked against one or more initiatives or projects.,critical,low,{},2025-01-01T17:30:00,
risk-9,Risk: security gap #9,Risk,open,,Identified risk tracked against one or more initiatives or projects.,critical,medium,{},2025-01-01T17:31:00,
risk-10,Risk: staffing gap #10,Risk,open,,Identified risk tracked against one or more initiatives or projects.,low,medium,{},2025-01-01T17:32:00,
risk-11,Risk: scope creep #11,Risk,open,,Identified risk tracked against one or more initiatives or projects.,low,medium,{},2025-01-01T17:33:00,
risk-12,Risk: budget cut #12,Risk,open,,Identified risk tracked against one or more initiatives or projects.,high,high,{},2025-01-01T17:34:00,
risk-13,Risk: security gap #13,Risk,open,,Identified risk tracked against one or more initiatives or projects.,medium,critical,{},2025-01-01T17:35:00,
risk-14,Risk: budget cut #14,Risk,open,,Identified risk tracked against one or more initiatives or projects.,low,low,{},2025-01-01T17:36:00,
risk-15,Risk: staffing gap #15,Risk,open,,Identified risk tracked against one or more initiatives or projects.,high,low,{},2025-01-01T17:37:00,
risk-16,Risk: scope creep #16,Risk,open,,Identified risk tracked against one or more initiatives or projects.,critical,medium,{},2025-01-01T17:38:00,
risk-17,Risk: budget cut #17,Risk,open,,Identified risk tracked against one or more initiatives or projects.,high,low,{},2025-01-01T17:39:00,
risk-18,Risk: vendor delay #18,Risk,open,,Identified risk tracked against one or more initiatives or projects.,critical,medium,{},2025-01-01T17:40:00,
risk-19,Risk: vendor delay #19,Risk,open,,Identified risk tracked against one or more initiatives or projects.,critical,high,{},2025-01-01T17:41:00,
goal-0,FY26 Quality Goal 0,Goal,not_started,taylor.grant4@example.com,A top-level company objective for the fiscal year.,critical,high,{},2025-01-02T10:02:00,
goal-1,FY26 Retention Goal 1,Goal,at_risk,ira.cortez31@example.com,A top-level company objective for the fiscal year.,critical,medium,{},2025-01-02T10:03:00,
goal-2,FY26 Quality Goal 2,Goal,in_progress,harper.zabala36@example.com,A top-level company objective for the fiscal year.,critical,medium,{},2025-01-02T10:04:00,
goal-3,FY26 Expansion Goal 3,Goal,not_started,skyler.quaid30@example.com,A top-level company objective for the fiscal year.,critical,low,{},2025-01-02T10:05:00,
goal-4,FY26 Expansion Goal 4,Goal,in_progress,gale.nakamura6@example.com,A top-level company objective for the fiscal year.,critical,critical,{},2025-01-02T10:06:00,
init-0,Q1 Resilience Initiative 0,Initiative,not_started,dakota.abara26@example.com,A cross-team program of work that advances a company goal.,critical,critical,"{""org_unit"": ""Data""}",2025-01-03T02:42:00,
init-1,Q2 Modernization Initiative 1,Initiative,in_progress,gale.nakamura6@example.com,A cross-team program of work that advances a company goal.,low,medium,"{""org_unit"": ""EMEA""}",2025-01-03T02:43:00,
init-2,Q4 Expansion Initiative 2,Initiative,in_progress,avery.zabala11@example.com,A cross-team program of work that advances a company goal.,critical,critical,"{""org_unit"": ""Platform""}",2025-01-03T02:44:00,
init-3,Q1 Velocity Initiative 3,Initiative,not_started,ira.cortez3@example.com,A cross-team program of work that advances a company goal.,high,medium,"{""org_unit"": ""EMEA""}",2025-01-03T02:45:00,
init-4,Q2 Resilience Initiative 4,Initiative,completed,ira.cortez31@example.com,A cross-team program of work that advances a company goal.,critical,medium,"{""org_unit"": ""EMEA""}",2025-01-03T02:46:00,
init-5,Q3 Resilience Initiative 5,Initiative,completed,rowan.carter0@example.com,A cross-team program of work that advances a company goal.,medium,critical,"{""org_unit"": ""EMEA""}",2025-01-03T02:47:00,
init-6,Q3 Modernization Initiative 6,Initiative,in_progress,kendall.sato9@example.com,A cross-team program of work that advances a company goal.,critical,low,"{""org_unit"": ""Data""}",2025-01-03T02:48:00,
init-7,Q4 Growth Initiative 7,Initiative,in_progress,ira.cortez3@example.com,A cross-team program of work that advances a company goal.,critical,low,"{""org_unit"": ""Growth""}",2025-01-03T02:49:00,
init-8,Q1 Velocity Initiative 8,Initiative,in_progress,taylor.grant4@example.com,A cross-team program of work that advances a company goal.,low,low,"{""org_unit"": ""Growth""}",2025-01-03T02:50:00,
init-9,Q1 Velocity Initiative 9,Initiative,not_started,denny.reyes37@example.com,A cross-team program of work that advances a company goal.,low,high,"{""org_unit"": ""Data""}",2025-01-03T02:51:00,
init-10,Q2 Expansion Initiative 10,Initiative,at_risk,morgan.estrada13@example.com,A cross-team program of work that advances a company goal.,low,medium,"{""org_unit"": ""Data""}",2025-01-03T02:52:00,
init-11,Q1 Expansion Initiative 11,Initiative,not_started,wren.keller29@example.com,A cross-team program of work that advances a company goal.,low,low,"{""org_unit"": ""Platform""}",2025-01-03T02:53:00,
init-12,Q3 Modernization Initiative 12,Initiative,in_progress,casey.ingram34@example.com,A cross-team program of work that advances a company goal.,medium,low,"{""org_unit"": ""Growth""}",2025-01-03T02:54:00,
init-13,Q2 Expansion Initiative 13,Initiative,completed,wren.zabala23@example.com,A cross-team program of work that advances a company goal.,medium,low,"{""org_unit"": ""Data""}",2025-01-03T02:55:00,
init-14,Q3 Modernization Initiative 14,Initiative,not_started,gale.nakamura6@example.com,A cross-team program of work that advances a company goal.,critical,medium,"{""org_unit"": ""Data""}",2025-01-03T02:56:00,
proj-0,Consolidate search index 0,Project,completed,quinn.zabala18@example.com,A scoped body of work delivering a specific outcome within an initiative.,high,high,"{""org_unit"": ""EMEA""}",2025-01-03T19:22:00,
proj-1,Migrate billing pipeline 1,Project,at_risk,riley.delgado16@example.com,A scoped body of work delivering a specific outcome within an initiative.,medium,low,"{""org_unit"": ""Platform""}",2025-01-03T19:23:00,
proj-2,Rebuild support portal 2,Project,completed,sawyer.foster21@example.com,A scoped body of work delivering a specific outcome within an initiative.,high,critical,"{""org_unit"": ""EMEA""}",2025-01-03T19:24:00,
proj-3,Migrate billing pipeline 3,Project,not_started,emerson.cortez35@example.com,A scoped body of work delivering a specific outcome within an initiative.,high,low,"{""org_unit"": ""Data""}",2025-01-03T19:25:00,
proj-4,Consolidate onboarding flow 4,Project,at_risk,denny.reyes37@example.com,A scoped body of work delivering a specific outcome within an initiative.,high,low,"{""org_unit"": ""Data""}",2025-01-03T19:26:00,
proj-5,Migrate data warehouse 5,Project,in_progress,wren.zabala23@example.com,A scoped body of work delivering a specific outcome within an initiative.,high,low,"{""org_unit"": ""Data""}",2025-01-03T19:27:00,
proj-6,Automate mobile app 6,Project,in_progress,emerson.cortez35@example.com,A scoped body of work delivering a specific outcome within an initiative.,high,medium,"{""org_unit"": ""Growth""}",2025-01-03T19:28:00,
proj-7,Migrate onboarding flow 7,Project,completed,dakota.abara26@example.com,A scoped body of work delivering a specific outcome within an initiative.,low,medium,"{""org_unit"": ""Data""}",2025-01-03T19:29:00,
proj-8,Refactor billing pipeline 8,Project,at_risk,elliot.wexler10@example.com,A scoped body of work delivering a specific outcome within an initiative.,critical,critical,"{""org_unit"": ""Growth""}",2025-01-03T19:30:00,
proj-9,Automate data warehouse 9,Project,completed,peyton.xu12@example.com,A scoped body of work delivering a specific outcome within an initiative.,high,medium,"{""org_unit"": ""Platform""}",2025-01-03T19:31:00,
proj-10,Automate data warehouse 10,Project,completed,peyton.xu12@example.com,A scoped body of work delivering a specific outcome within an initiative.,critical,high,"{""org_unit"": ""Data""}",2025-01-03T19:32:00,
proj-11,Automate support portal 11,Project,blocked,marlowe.pierce32@example.com,A scoped body of work delivering a specific outcome within an initiative.,medium,low,"{""org_unit"": ""Platform""}",2025-01-03T19:33:00,
proj-12,Rebuild mobile app 12,Project,completed,riley.delgado16@example.com,A scoped body of work delivering a specific outcome within an initiative.,critical,low,"{""org_unit"": ""EMEA""}",2025-01-03T19:34:00,
proj-13,Refactor data warehouse 13,Project,at_risk,frankie.quaid22@example.com,A scoped body of work delivering a specific outcome within an initiative.,critical,critical,"{""org_unit"": ""Growth""}",2025-01-03T19:35:00,
proj-14,Migrate analytics events 14,Project,at_risk,riley.delgado16@example.com,A scoped body of work delivering a specific outcome within an initiative.,critical,medium,"{""org_unit"": ""Data""}",2025-01-03T19:36:00,
proj-15,Migrate support portal 15,Project,completed,riley.osei27@example.com,A scoped body of work delivering a specific outcome within an initiative.,medium,low,"{""org_unit"": ""Data""}",2025-01-03T19:37:00,
proj-16,Launch support portal 16,Project,at_risk,marlowe.pierce32@example.com,A scoped body of work delivering a specific outcome within an initiative.,medium,critical,"{""org_unit"": ""Data""}",2025-01-03T19:38:00,
proj-17,Rebuild search index 17,Project,at_risk,emerson.cortez35@example.com,A scoped body of work delivering a specific outcome within an initiative.,low,medium,"{""org_unit"": ""Data""}",2025-01-03T19:39:00,
proj-18,Consolidate auth service 18,Project,completed,casey.pierce25@example.com,A scoped body of work delivering a specific outcome within an initiative.,medium,medium,"{""org_unit"": ""EMEA""}",2025-01-03T19:40:00,
proj-19,Consolidate support portal 19,Project,completed,denny.reyes37@example.com,A scoped body of work delivering a specific outcome within an initiative.,low,critical,"{""org_unit"": ""EMEA""}",2025-01-03T19:41:00,
proj-20,Consolidate checkout flow 20,Project,in_progress,morgan.estrada13@example.com,A scoped body of work delivering a specific outcome within an initiative.,critical,high,"{""org_unit"": ""Data""}",2025-01-03T19:42:00,
proj-21,Rebuild support portal 21,Project,completed,cameron.huxley5@example.com,A scoped body of work delivering a specific outcome within an initiative.,high,medium,"{""org_unit"": ""Growth""}",2025-01-03T19:43:00,
proj-22,Migrate search index 22,Project,at_risk,drew.pierce1@example.com,A scoped body of work delivering a specific outcome within an initiative.,critical,critical,"{""org_unit"": ""EMEA""}",2025-01-03T19:44:00,
proj-23,Rebuild analytics events 23,Project,at_risk,harper.zabala36@example.com,A scoped body of work delivering a specific outcome within an initiative.,low,critical,"{""org_unit"": ""Growth""}",2025-01-03T19:45:00,
proj-24,Refactor analytics events 24,Project,not_started,kendall.sato9@example.com,A scoped body of work delivering a specific outcome within an initiative.,critical,critical,"{""org_unit"": ""Growth""}",2025-01-03T19:46:00,
proj-25,Refactor partner API 25,Project,at_risk,avery.zabala11@example.com,A scoped body of work delivering a specific outcome within an initiative.,critical,medium,"{""org_unit"": ""Platform""}",2025-01-03T19:47:00,
proj-26,Rebuild checkout flow 26,Project,blocked,wren.keller29@example.com,A scoped body of work delivering a specific outcome within an initiative.,medium,critical,"{""org_unit"": ""EMEA""}",2025-01-03T19:48:00,
proj-27,Automate onboarding flow 27,Project,at_risk,emerson.cortez35@example.com,A scoped body of work delivering a specific outcome within an initiative.,low,high,"{""org_unit"": ""Growth""}",2025-01-03T19:49:00,
proj-28,Consolidate checkout flow 28,Project,in_progress,sage.grant17@example.com,A scoped body of work delivering a specific outcome within an initiative.,medium,critical,"{""org_unit"": ""Platform""}",2025-01-03T19:50:00,
proj-29,Rebuild reporting dashboard 29,Project,completed,quinn.zabala18@example.com,A scoped body of work delivering a specific outcome within an initiative.,medium,low,"{""org_unit"": ""Growth""}",2025-01-03T19:51:00,
proj-30,Rebuild notification system 30,Project,in_progress,kendall.sato9@example.com,A scoped body of work delivering a specific outcome within an initiative.,high,low,"{""org_unit"": ""EMEA""}",2025-01-03T19:52:00,
proj-31,Launch partner API 31,Project,at_risk,dakota.abara26@example.com,A scoped body of work delivering a specific outcome within an initiative.,low,low,"{""org_unit"": ""Growth""}",2025-01-03T19:53:00,
proj-32,Automate mobile app 32,Project,not_started,dakota.abara26@example.com,A scoped body of work delivering a specific outcome within an initiative.,low,critical,"{""org_unit"": ""Platform""}",2025-01-03T19:54:00,
proj-33,Launch notification system 33,Project,at_risk,frankie.quaid22@example.com,A scoped body of work delivering a specific outcome within an initiative.,high,critical,"{""org_unit"": ""Growth""}",2025-01-03T19:55:00,
proj-34,Automate checkout flow 34,Project,not_started,sage.grant17@example.com,A scoped body of work delivering a specific outcome within an initiative.,low,high,"{""org_unit"": ""EMEA""}",2025-01-03T19:56:00,
proj-35,Automate onboarding flow 35,Project,blocked,elliot.wexler10@example.com,A scoped body of work delivering a specific outcome within an initiative.,critical,critical,"{""org_unit"": ""Platform""}",2025-01-03T19:57:00,
proj-36,Refactor notification system 36,Project,in_progress,cameron.huxley5@example.com,A scoped body of work delivering a specific outcome within an initiative.,low,medium,"{""org_unit"": ""Platform""}",2025-01-03T19:58:00,
proj-37,Automate data warehouse 37,Project,in_progress,riley.delgado16@example.com,A scoped body of work delivering a specific outcome within an initiative.,low,high,"{""org_unit"": ""Data""}",2025-01-03T19:59:00,
proj-38,Launch notification system 38,Project,completed,gale.pierce24@example.com,A scoped body of work delivering a specific outcome within an initiative.,critical,critical,"{""org_unit"": ""Platform""}",2025-01-03T20:00:00,
proj-39,Migrate data warehouse 39,Project,in_progress,casey.ingram34@example.com,A scoped body of work delivering a specific outcome within an initiative.,critical,low,"{""org_unit"": ""Platform""}",2025-01-03T20:01:00,
proj-40,Rebuild auth service 40,Project,blocked,kip.yates15@example.com,A scoped body of work delivering a specific outcome within an initiative.,high,medium,"{""org_unit"": ""Growth""}",2025-01-03T20:02:00,
proj-41,Refactor billing pipeline 41,Project,blocked,skyler.quaid30@example.com,A scoped body of work delivering a specific outcome within an initiative.,high,critical,"{""org_unit"": ""Data""}",2025-01-03T20:03:00,
proj-42,Rebuild mobile app 42,Project,blocked,wren.zabala23@example.com,A scoped body of work delivering a specific outcome within an initiative.,critical,medium,"{""org_unit"": ""Data""}",2025-01-03T20:04:00,
proj-43,Consolidate auth service 43,Project,completed,gale.nakamura6@example.com,A scoped body of work delivering a specific outcome within an initiative.,low,critical,"{""org_unit"": ""Growth""}",2025-01-03T20:05:00,
task-0,Review index 0,Task,in_progress,gale.nakamura6@example.com,A unit of work within a project.,medium,,{},2025-01-04T12:02:00,
task-1,Review index 1,Task,not_started,frankie.quaid22@example.com,A unit of work within a project.,low,,{},2025-01-04T12:03:00,
task-2,Document API contract 2,Task,at_risk,sawyer.foster21@example.com,A unit of work within a project.,critical,,{},2025-01-04T12:04:00,
task-3,Fix dashboard panel 3,Task,not_started,riley.osei27@example.com,A unit of work within a project.,medium,,{},2025-01-04T12:05:00,
task-4,Update load test 4,Task,blocked,avery.zabala11@example.com,A unit of work within a project.,medium,,{},2025-01-04T12:06:00,
task-5,Update dashboard panel 5,Task,blocked,denny.reyes37@example.com,A unit of work within a project.,medium,,{},2025-01-04T12:07:00,
task-6,Document rollback plan 6,Task,not_started,sage.grant17@example.com,A unit of work within a project.,low,,{},2025-01-04T12:08:00,
task-7,Test dashboard panel 7,Task,at_risk,kendall.ingram39@example.com,A unit of work within a project.,low,,{},2025-01-04T12:09:00,
task-8,Document schema migration 8,Task,blocked,marlowe.xu20@example.com,A unit of work within a project.,high,,{},2025-01-04T12:10:00,
task-9,Update rollback plan 9,Task,completed,riley.delgado16@example.com,A unit of work within a project.,medium,,{},2025-01-04T12:11:00,
task-10,Design index 10,Task,completed,emerson.cortez35@example.com,A unit of work within a project.,critical,,{},2025-01-04T12:12:00,
task-11,Test API contract 11,Task,in_progress,dakota.abara26@example.com,A unit of work within a project.,low,,{},2025-01-04T12:13:00,
task-12,Test dashboard panel 12,Task,blocked,elliot.gable28@example.com,A unit of work within a project.,critical,,{},2025-01-04T12:14:00,
task-13,Review config 13,Task,in_progress,casey.pierce25@example.com,A unit of work within a project.,high,,{},2025-01-04T12:15:00,
task-14,Design index 14,Task,completed,skyler.quaid30@example.com,A unit of work within a project.,medium,,{},2025-01-04T12:16:00,
task-15,Fix alert rule 15,Task,completed,frankie.quaid22@example.com,A unit of work within a project.,low,,{},2025-01-04T12:17:00,
task-16,Design config 16,Task,completed,harper.grant14@example.com,A unit of work within a project.,critical,,{},2025-01-04T12:18:00,
task-17,Test integration test 17,Task,not_started,casey.ingram34@example.com,A unit of work within a project.,high,,{},2025-01-04T12:19:00,
task-18,Test rollback plan 18,Task,blocked,sage.grant17@example.com,A unit of work within a project.,medium,,{},2025-01-04T12:20:00,
task-19,Review rollback plan 19,Task,completed,harper.grant14@example.com,A unit of work within a project.,medium,,{},2025-01-04T12:21:00,
task-20,Deploy config 20,Task,not_started,casey.ingram34@example.com,A unit of work within a project.,high,,{},2025-01-04T12:22:00,
task-21,Design schema migration 21,Task,not_started,emerson.cortez35@example.com,A unit of work within a project.,medium,,{},2025-01-04T12:23:00,
task-22,Deploy dashboard panel 22,Task,not_started,rowan.carter0@example.com,A unit of work within a project.,medium,,{},2025-01-04T12:24:00,
task-23,Update dashboard panel 23,Task,blocked,sawyer.foster21@example.com,A unit of work within a project.,high,,{},2025-01-04T12:25:00,
task-24,Write config 24,Task,blocked,cameron.duvall7@example.com,A unit of work within a project.,critical,,{},2025-01-04T12:26:00,
task-25,Fix dashboard panel 25,Task,not_started,harper.zabala36@example.com,A unit of work within a project.,critical,,{},2025-01-04T12:27:00,
task-26,Deploy load test 26,Task,at_risk,wren.yates19@example.com,A unit of work within a project.,critical,,{},2025-01-04T12:28:00,
task-27,Test API contract 27,Task,at_risk,dakota.abara26@example.com,A unit of work within a project.,high,,{},2025-01-04T12:29:00,
task-28,Fix dashboard panel 28,Task,blocked,wren.yates19@example.com,A unit of work within a project.,low,,{},2025-01-04T12:30:00,
task-29,Design index 29,Task,at_risk,ira.cortez3@example.com,A unit of work within a project.,critical,,{},2025-01-04T12:31:00,
task-30,Test rollback plan 30,Task,completed,cameron.huxley5@example.com,A unit of work within a project.,high,,{},2025-01-04T12:32:00,
task-31,Test load test 31,Task,at_risk,taylor.grant4@example.com,A unit of work within a project.,high,,{},2025-01-04T12:33:00,
task-32,Write runbook 32,Task,blocked,rowan.jovanovic38@example.com,A unit of work within a project.,low,,{},2025-01-04T12:34:00,
task-33,Design schema migration 33,Task,in_progress,quinn.zabala18@example.com,A unit of work within a project.,medium,,{},2025-01-04T12:35:00,
task-34,Update API contract 34,Task,in_progress,riley.delgado16@example.com,A unit of work within a project.,high,,{},2025-01-04T12:36:00,
task-35,Fix API contract 35,Task,at_risk,harper.grant14@example.com,A unit of work within a project.,high,,{},2025-01-04T12:37:00,
task-36,Design load test 36,Task,not_started,ira.cortez3@example.com,A unit of work within a project.,high,,{},2025-01-04T12:38:00,
task-37,Design index 37,Task,at_risk,quinn.zabala18@example.com,A unit of work within a project.,low,,{},2025-01-04T12:39:00,
task-38,Review dashboard panel 38,Task,completed,casey.pierce25@example.com,A unit of work within a project.,medium,,{},2025-01-04T12:40:00,
task-39,Update dashboard panel 39,Task,not_started,rowan.jovanovic38@example.com,A unit of work within a project.,critical,,{},2025-01-04T12:41:00,
task-40,Fix integration test 40,Task,at_risk,riley.delgado16@example.com,A unit of work within a project.,critical,,{},2025-01-04T12:42:00,
task-41,Review rollback plan 41,Task,at_risk,denny.reyes37@example.com,A unit of work within a project.,critical,,{},2025-01-04T12:43:00,
task-42,Design index 42,Task,not_started,avery.zabala11@example.com,A unit of work within a project.,low,,{},2025-01-04T12:44:00,
task-43,Update config 43,Task,in_progress,denny.reyes37@example.com,A unit of work within a project.,low,,{},2025-01-04T12:45:00,
task-44,Update API contract 44,Task,blocked,frankie.quaid22@example.com,A unit of work within a project.,low,,{},2025-01-04T12:46:00,
task-45,Document integration test 45,Task,not_started,elliot.wexler10@example.com,A unit of work within a project.,medium,,{},2025-01-04T12:47:00,
task-46,Fix dashboard panel 46,Task,completed,casey.pierce25@example.com,A unit of work within a project.,critical,,{},2025-01-04T12:48:00,
task-47,Update API contract 47,Task,completed,riley.delgado16@example.com,A unit of work within a project.,medium,,{},2025-01-04T12:49:00,
task-48,Review runbook 48,Task,at_risk,rowan.carter0@example.com,A unit of work within a project.,low,,{},2025-01-04T12:50:00,
task-49,Fix schema migration 49,Task,in_progress,cy.gable33@example.com,A unit of work within a project.,medium,,{},2025-01-04T12:51:00,
task-50,Update dashboard panel 50,Task,not_started,morgan.estrada13@example.com,A unit of work within a project.,medium,,{},2025-01-04T12:52:00,
task-51,Deploy config 51,Task,blocked,ira.cortez31@example.com,A unit of work within a project.,critical,,{},2025-01-04T12:53:00,
task-52,Write index 52,Task,in_progress,elliot.wexler10@example.com,A unit of work within a project.,medium,,{},2025-01-04T12:54:00,
task-53,Write alert rule 53,Task,blocked,cameron.huxley5@example.com,A unit of work within a project.,high,,{},2025-01-04T12:55:00,
task-54,Review dashboard panel 54,Task,not_started,kendall.sato9@example.com,A unit of work within a project.,low,,{},2025-01-04T12:56:00,
task-55,Design alert rule 55,Task,completed,dakota.abara26@example.com,A unit of work within a project.,low,,{},2025-01-04T12:57:00,
task-56,Update rollback plan 56,Task,blocked,emerson.cortez35@example.com,A unit of work within a project.,high,,{},2025-01-04T12:58:00,
task-57,Fix rollback plan 57,Task,at_risk,marlowe.pierce32@example.com,A unit of work within a project.,high,,{},2025-01-04T12:59:00,
task-58,Review config 58,Task,blocked,sawyer.foster21@example.com,A unit of work within a project.,medium,,{},2025-01-04T13:00:00,
task-59,Write config 59,Task,completed,denny.reyes37@example.com,A unit of work within a project.,low,,{},2025-01-04T13:01:00,
task-60,Deploy dashboard panel 60,Task,at_risk,skyler.quaid30@example.com,A unit of work within a project.,medium,,{},2025-01-04T13:02:00,
task-61,Document alert rule 61,Task,at_risk,gale.pierce24@example.com,A unit of work within a project.,low,,{},2025-01-04T13:03:00,
task-62,Document rollback plan 62,Task,in_progress,harper.zabala36@example.com,A unit of work within a project.,low,,{},2025-01-04T13:04:00,
task-63,Test runbook 63,Task,not_started,marlowe.xu20@example.com,A unit of work within a project.,low,,{},2025-01-04T13:05:00,
task-64,Fix runbook 64,Task,in_progress,ira.cortez31@example.com,A unit of work within a project.,critical,,{},2025-01-04T13:06:00,
task-65,Deploy alert rule 65,Task,at_risk,sawyer.foster21@example.com,A unit of work within a project.,critical,,{},2025-01-04T13:07:00,
task-66,Update API contract 66,Task,at_risk,wren.keller29@example.com,A unit of work within a project.,critical,,{},2025-01-04T13:08:00,
task-67,Deploy runbook 67,Task,in_progress,taylor.grant4@example.com,A unit of work within a project.,low,,{},2025-01-04T13:09:00,
task-68,Design integration test 68,Task,at_risk,casey.pierce25@example.com,A unit of work within a project.,critical,,{},2025-01-04T13:10:00,
task-69,Document alert rule 69,Task,blocked,marlowe.xu20@example.com,A unit of work within a project.,low,,{},2025-01-04T13:11:00,
task-70,Write index 70,Task,not_started,kip.yates15@example.com,A unit of work within a project.,medium,,{},2025-01-04T13:12:00,
task-71,Test API contract 71,Task,blocked,gale.nakamura6@example.com,A unit of work within a project.,critical,,{},2025-01-04T13:13:00,
task-72,Update load test 72,Task,completed,drew.pierce1@example.com,A unit of work within a project.,critical,,{},2025-01-04T13:14:00,
task-73,Document schema migration 73,Task,completed,frankie.quaid22@example.com,A unit of work within a project.,medium,,{},2025-01-04T13:15:00,
task-74,Fix load test 74,Task,in_progress,cy.gable33@example.com,A unit of work within a project.,low,,{},2025-01-04T13:16:00,
task-75,Deploy load test 75,Task,in_progress,cameron.huxley5@example.com,A unit of work within a project.,low,,{},2025-01-04T13:17:00,
task-76,Test dashboard panel 76,Task,at_risk,kendall.sato9@example.com,A unit of work within a project.,high,,{},2025-01-04T13:18:00,
task-77,Update config 77,Task,blocked,riley.delgado16@example.com,A unit of work within a project.,critical,,{},2025-01-04T13:19:00,
task-78,Update config 78,Task,at_risk,elliot.wexler10@example.com,A unit of work within a project.,critical,,{},2025-01-04T13:20:00,
task-79,Update integration test 79,Task,at_risk,wren.yates19@example.com,A unit of work within a project.,low,,{},2025-01-04T13:21:00,
task-80,Design dashboard panel 80,Task,completed,peyton.xu12@example.com,A unit of work within a project.,low,,{},2025-01-04T13:22:00,
task-81,Update API contract 81,Task,in_progress,gale.pierce24@example.com,A unit of work within a project.,medium,,{},2025-01-04T13:23:00,
task-82,Design config 82,Task,not_started,casey.pierce25@example.com,A unit of work within a project.,medium,,{},2025-01-04T13:24:00,
task-83,Write index 83,Task,not_started,rowan.jovanovic38@example.com,A unit of work within a project.,low,,{},2025-01-04T13:25:00,
task-84,Design rollback plan 84,Task,at_risk,frankie.quaid22@example.com,A unit of work within a project.,high,,{},2025-01-04T13:26:00,
task-85,Test index 85,Task,completed,jordan.lindqvist8@example.com,A unit of work within a project.,critical,,{},2025-01-04T13:27:00,
task-86,Write config 86,Task,blocked,quinn.jovanovic2@example.com,A unit of work within a project.,medium,,{},2025-01-04T13:28:00,
task-87,Deploy API contract 87,Task,completed,marlowe.xu20@example.com,A unit of work within a project.,low,,{},2025-01-04T13:29:00,
task-88,Deploy rollback plan 88,Task,in_progress,casey.ingram34@example.com,A unit of work within a project.,medium,,{},2025-01-04T13:30:00,
task-89,Design load test 89,Task,completed,skyler.quaid30@example.com,A unit of work within a project.,medium,,{},2025-01-04T13:31:00,
task-90,Document API contract 90,Task,blocked,taylor.grant4@example.com,A unit of work within a project.,high,,{},2025-01-04T13:32:00,
task-91,Test runbook 91,Task,at_risk,wren.zabala23@example.com,A unit of work within a project.,critical,,{},2025-01-04T13:33:00,
task-92,Fix schema migration 92,Task,completed,casey.ingram34@example.com,A unit of work within a project.,critical,,{},2025-01-04T13:34:00,
task-93,Update integration test 93,Task,completed,denny.reyes37@example.com,A unit of work within a project.,low,,{},2025-01-04T13:35:00,
task-94,Document API contract 94,Task,in_progress,skyler.quaid30@example.com,A unit of work within a project.,critical,,{},2025-01-04T13:36:00,
task-95,Document index 95,Task,in_progress,taylor.grant4@example.com,A unit of work within a project.,low,,{},2025-01-04T13:37:00,
task-96,Design runbook 96,Task,not_started,jordan.lindqvist8@example.com,A unit of work within a project.,critical,,{},2025-01-04T13:38:00,
task-97,Write config 97,Task,blocked,cameron.duvall7@example.com,A unit of work within a project.,critical,,{},2025-01-04T13:39:00,
task-98,Test alert rule 98,Task,in_progress,gale.pierce24@example.com,A unit of work within a project.,low,,{},2025-01-04T13:40:00,
task-99,Document alert rule 99,Task,blocked,denny.reyes37@example.com,A unit of work within a project.,high,,{},2025-01-04T13:41:00,
task-100,Fix API contract 100,Task,blocked,kendall.ingram39@example.com,A unit of work within a project.,low,,{},2025-01-04T13:42:00,
task-101,Design schema migration 101,Task,completed,morgan.estrada13@example.com,A unit of work within a project.,low,,{},2025-01-04T13:43:00,
task-102,Update rollback plan 102,Task,completed,gale.nakamura6@example.com,A unit of work within a project.,medium,,{},2025-01-04T13:44:00,
task-103,Document schema migration 103,Task,blocked,sage.grant17@example.com,A unit of work within a project.,high,,{},2025-01-04T13:45:00,
task-104,Review dashboard panel 104,Task,not_started,morgan.estrada13@example.com,A unit of work within a project.,critical,,{},2025-01-04T13:46:00,
task-105,Write integration test 105,Task,in_progress,jordan.lindqvist8@example.com,A unit of work within a project.,high,,{},2025-01-04T13:47:00,
task-106,Review alert rule 106,Task,in_progress,denny.reyes37@example.com,A unit of work within a project.,high,,{},2025-01-04T13:48:00,
task-107,Test integration test 107,Task,in_progress,rowan.jovanovic38@example.com,A unit of work within a project.,critical,,{},2025-01-04T13:49:00,
task-108,Design load test 108,Task,in_progress,casey.ingram34@example.com,A unit of work within a project.,medium,,{},2025-01-04T13:50:00,
task-109,Deploy API contract 109,Task,not_started,jordan.lindqvist8@example.com,A unit of work within a project.,critical,,{},2025-01-04T13:51:00,
task-110,Document rollback plan 110,Task,at_risk,marlowe.xu20@example.com,A unit of work within a project.,critical,,{},2025-01-04T13:52:00,
task-111,Deploy config 111,Task,not_started,jordan.lindqvist8@example.com,A unit of work within a project.,low,,{},2025-01-04T13:53:00,
task-112,Review API contract 112,Task,blocked,elliot.gable28@example.com,A unit of work within a project.,medium,,{},2025-01-04T13:54:00,
task-113,Review dashboard panel 113,Task,at_risk,harper.grant14@example.com,A unit of work within a project.,critical,,{},2025-01-04T13:55:00,
task-114,Design dashboard panel 114,Task,not_started,ira.cortez3@example.com,A unit of work within a project.,low,,{},2025-01-04T13:56:00,
task-115,Fix runbook 115,Task,not_started,ira.cortez31@example.com,A unit of work within a project.,low,,{},2025-01-04T13:57:00,
task-116,Review API contract 116,Task,completed,rowan.jovanovic38@example.com,A unit of work within a project.,high,,{},2025-01-04T13:58:00,
task-117,Review load test 117,Task,completed,kendall.ingram39@example.com,A unit of work within a project.,medium,,{},2025-01-04T13:59:00,
task-118,Fix index 118,Task,at_risk,quinn.zabala18@example.com,A unit of work within a project.,low,,{},2025-01-04T14:00:00,
task-119,Fix API contract 119,Task,not_started,emerson.cortez35@example.com,A unit of work within a project.,high,,{},2025-01-04T14:01:00,
task-120,Fix dashboard panel 120,Task,in_progress,dakota.abara26@example.com,A unit of work within a project.,medium,,{},2025-01-04T14:02:00,
task-121,Update runbook 121,Task,blocked,gale.nakamura6@example.com,A unit of work within a project.,medium,,{},2025-01-04T14:03:00,
task-122,Fix integration test 122,Task,completed,wren.zabala23@example.com,A unit of work within a project.,high,,{},2025-01-04T14:04:00,
task-123,Update API contract 123,Task,not_started,cameron.huxley5@example.com,A unit of work within a project.,critical,,{},2025-01-04T14:05:00,
task-124,Fix API contract 124,Task,completed,jordan.lindqvist8@example.com,A unit of work within a project.,critical,,{},2025-01-04T14:06:00,
task-125,Document API contract 125,Task,blocked,frankie.quaid22@example.com,A unit of work within a project.,low,,{},2025-01-04T14:07:00,
task-126,Write config 126,Task,at_risk,wren.yates19@example.com,A unit of work within a project.,medium,,{},2025-01-04T14:08:00,
task-127,Review index 127,Task,at_risk,morgan.estrada13@example.com,A unit of work within a project.,high,,{},2025-01-04T14:09:00,
task-128,Update rollback plan 128,Task,not_started,frankie.quaid22@example.com,A unit of work within a project.,medium,,{},2025-01-04T14:10:00,
task-129,Review config 129,Task,at_risk,harper.grant14@example.com,A unit of work within a project.,low,,{},2025-01-04T14:11:00,
task-130,Write index 130,Task,completed,drew.pierce1@example.com,A unit of work within a project.,high,,{},2025-01-04T14:12:00,
task-131,Design config 131,Task,completed,frankie.quaid22@example.com,A unit of work within a project.,critical,,{},2025-01-04T14:13:00,
task-132,Deploy load test 132,Task,at_risk,casey.pierce25@example.com,A unit of work within a project.,critical,,{},2025-01-04T14:14:00,
task-133,Deploy schema migration 133,Task,not_started,cy.gable33@example.com,A unit of work within a project.,high,,{},2025-01-04T14:15:00,
task-134,Fix runbook 134,Task,blocked,sawyer.foster21@example.com,A unit of work within a project.,high,,{},2025-01-04T14:16:00,
task-135,Document config 135,Task,completed,harper.zabala36@example.com,A unit of work within a project.,critical,,{},2025-01-04T14:17:00,
task-136,Write load test 136,Task,in_progress,kendall.ingram39@example.com,A unit of work within a project.,critical,,{},2025-01-04T14:18:00,
task-137,Review config 137,Task,blocked,riley.osei27@example.com,A unit of work within a project.,low,,{},2025-01-04T14:19:00,
task-138,Update runbook 138,Task,completed,morgan.estrada13@example.com,A unit of work within a project.,critical,,{},2025-01-04T14:20:00,
task-139,Document runbook 139,Task,not_started,quinn.zabala18@example.com,A unit of work within a project.,low,,{},2025-01-04T14:21:00,
task-140,Design schema migration 140,Task,in_progress,casey.pierce25@example.com,A unit of work within a project.,critical,,{},2025-01-04T14:22:00,
task-141,Write rollback plan 141,Task,completed,morgan.estrada13@example.com,A unit of work within a project.,high,,{},2025-01-04T14:23:00,
task-142,Design config 142,Task,completed,cameron.duvall7@example.com,A unit of work within a project.,critical,,{},2025-01-04T14:24:00,
task-143,Update runbook 143,Task,in_progress,jordan.lindqvist8@example.com,A unit of work within a project.,low,,{},2025-01-04T14:25:00,
task-144,Test alert rule 144,Task,at_risk,frankie.quaid22@example.com,A unit of work within a project.,critical,,{},2025-01-04T14:26:00,
task-145,Fix schema migration 145,Task,blocked,drew.pierce1@example.com,A unit of work within a project.,low,,{},2025-01-04T14:27:00,
task-146,Review integration test 146,Task,at_risk,riley.osei27@example.com,A unit of work within a project.,low,,{},2025-01-04T14:28:00,
task-147,Fix config 147,Task,not_started,casey.pierce25@example.com,A unit of work within a project.,critical,,{},2025-01-04T14:29:00,
task-148,Document load test 148,Task,at_risk,wren.keller29@example.com,A unit of work within a project.,medium,,{},2025-01-04T14:30:00,
task-149,Review runbook 149,Task,not_started,kip.yates15@example.com,A unit of work within a project.,low,,{},2025-01-04T14:31:00,
task-150,Fix alert rule 150,Task,not_started,casey.pierce25@example.com,A unit of work within a project.,medium,,{},2025-01-04T14:32:00,
task-151,Document rollback plan 151,Task,completed,elliot.wexler10@example.com,A unit of work within a project.,critical,,{},2025-01-04T14:33:00,
task-152,Review alert rule 152,Task,at_risk,peyton.xu12@example.com,A unit of work within a project.,medium,,{},2025-01-04T14:34:00,
task-153,Document load test 153,Task,in_progress,gale.nakamura6@example.com,A unit of work within a project.,high,,{},2025-01-04T14:35:00,
task-154,Design rollback plan 154,Task,in_progress,rowan.jovanovic38@example.com,A unit of work within a project.,high,,{},2025-01-04T14:36:00,
task-155,Review load test 155,Task,blocked,wren.keller29@example.com,A unit of work within a project.,low,,{},2025-01-04T14:37:00,
task-156,Document integration test 156,Task,in_progress,elliot.gable28@example.com,A unit of work within a project.,critical,,{},2025-01-04T14:38:00,
task-157,Update dashboard panel 157,Task,completed,sage.grant17@example.com,A unit of work within a project.,critical,,{},2025-01-04T14:39:00,
task-158,Document alert rule 158,Task,not_started,wren.yates19@example.com,A unit of work within a project.,low,,{},2025-01-04T14:40:00,
task-159,Update schema migration 159,Task,not_started,wren.zabala23@example.com,A unit of work within a project.,medium,,{},2025-01-04T14:41:00,
task-160,Review API contract 160,Task,at_risk,rowan.jovanovic38@example.com,A unit of work within a project.,low,,{},2025-01-04T14:42:00,
task-161,Update index 161,Task,at_risk,quinn.jovanovic2@example.com,A unit of work within a project.,low,,{},2025-01-04T14:43:00,
task-162,Test integration test 162,Task,at_risk,skyler.quaid30@example.com,A unit of work within a project.,high,,{},2025-01-04T14:44:00,
task-163,Write dashboard panel 163,Task,not_started,sawyer.foster21@example.com,A unit of work within a project.,critical,,{},2025-01-04T14:45:00,
task-164,Deploy schema migration 164,Task,in_progress,elliot.gable28@example.com,A unit of work within a project.,low,,{},2025-01-04T14:46:00,
task-165,Deploy integration test 165,Task,completed,quinn.zabala18@example.com,A unit of work within a project.,low,,{},2025-01-04T14:47:00,
task-166,Fix integration test 166,Task,at_risk,ira.cortez3@example.com,A unit of work within a project.,medium,,{},2025-01-04T14:48:00,
task-167,Review integration test 167,Task,not_started,emerson.cortez35@example.com,A unit of work within a project.,low,,{},2025-01-04T14:49:00,
task-168,Design config 168,Task,at_risk,kendall.sato9@example.com,A unit of work within a project.,medium,,{},2025-01-04T14:50:00,
task-169,Review index 169,Task,in_progress,frankie.quaid22@example.com,A unit of work within a project.,medium,,{},2025-01-04T14:51:00,
task-170,Fix load test 170,Task,at_risk,cameron.huxley5@example.com,A unit of work within a project.,medium,,{},2025-01-04T14:52:00,
task-171,Fix integration test 171,Task,in_progress,cy.gable33@example.com,A unit of work within a project.,critical,,{},2025-01-04T14:53:00,
task-172,Fix alert rule 172,Task,completed,drew.pierce1@example.com,A unit of work within a project.,medium,,{},2025-01-04T14:54:00,
task-173,Design load test 173,Task,in_progress,sawyer.foster21@example.com,A unit of work within a project.,low,,{},2025-01-04T14:55:00,
task-174,Test rollback plan 174,Task,in_progress,kendall.sato9@example.com,A unit of work within a project.,critical,,{},2025-01-04T14:56:00,
task-175,Design API contract 175,Task,at_risk,casey.ingram34@example.com,A unit of work within a project.,critical,,{},2025-01-04T14:57:00,
task-176,Document index 176,Task,in_progress,rowan.jovanovic38@example.com,A unit of work within a project.,low,,{},2025-01-04T14:58:00,
task-177,Deploy load test 177,Task,in_progress,kendall.ingram39@example.com,A unit of work within a project.,high,,{},2025-01-04T14:59:00,
task-178,Update schema migration 178,Task,blocked,wren.zabala23@example.com,A unit of work within a project.,high,,{},2025-01-04T15:00:00,
task-179,Update index 179,Task,completed,elliot.gable28@example.com,A unit of work within a project.,high,,{},2025-01-04T15:01:00,
task-180,Test config 180,Task,blocked,peyton.xu12@example.com,A unit of work within a project.,medium,,{},2025-01-04T15:02:00,
task-181,Update dashboard panel 181,Task,completed,gale.pierce24@example.com,A unit of work within a project.,low,,{},2025-01-04T15:03:00,
task-182,Deploy rollback plan 182,Task,at_risk,jordan.lindqvist8@example.com,A unit of work within a project.,medium,,{},2025-01-04T15:04:00,
task-183,Write dashboard panel 183,Task,completed,emerson.cortez35@example.com,A unit of work within a project.,critical,,{},2025-01-04T15:05:00,
task-184,Review config 184,Task,not_started,elliot.wexler10@example.com,A unit of work within a project.,medium,,{},2025-01-04T15:06:00,
task-185,Update alert rule 185,Task,in_progress,riley.osei27@example.com,A unit of work within a project.,critical,,{},2025-01-04T15:07:00,
task-186,Test dashboard panel 186,Task,completed,drew.pierce1@example.com,A unit of work within a project.,low,,{},2025-01-04T15:08:00,
task-187,Write runbook 187,Task,at_risk,wren.zabala23@example.com,A unit of work within a project.,high,,{},2025-01-04T15:09:00,
task-188,Fix API contract 188,Task,completed,harper.grant14@example.com,A unit of work within a project.,critical,,{},2025-01-04T15:10:00,
task-189,Document API contract 189,Task,completed,kendall.sato9@example.com,A unit of work within a project.,high,,{},2025-01-04T15:11:00,
task-190,Write config 190,Task,blocked,jordan.lindqvist8@example.com,A unit of work within a project.,low,,{},2025-01-04T15:12:00,
task-191,Update index 191,Task,not_started,cameron.huxley5@example.com,A unit of work within a project.,critical,,{},2025-01-04T15:13:00,
task-192,Design rollback plan 192,Task,in_progress,emerson.cortez35@example.com,A unit of work within a project.,low,,{},2025-01-04T15:14:00,
task-193,Review config 193,Task,in_progress,wren.yates19@example.com,A unit of work within a project.,critical,,{},2025-01-04T15:15:00,
task-194,Write rollback plan 194,Task,blocked,kendall.ingram39@example.com,A unit of work within a project.,low,,{},2025-01-04T15:16:00,
task-195,Review API contract 195,Task,blocked,rowan.jovanovic38@example.com,A unit of work within a project.,critical,,{},2025-01-04T15:17:00,
task-196,Test load test 196,Task,completed,riley.osei27@example.com,A unit of work within a project.,critical,,{},2025-01-04T15:18:00,
task-197,Document rollback plan 197,Task,at_risk,dakota.abara26@example.com,A unit of work within a project.,high,,{},2025-01-04T15:19:00,
task-198,Review alert rule 198,Task,completed,taylor.grant4@example.com,A unit of work within a project.,critical,,{},2025-01-04T15:20:00,
task-199,Fix dashboard panel 199,Task,not_started,gale.pierce24@example.com,A unit of work within a project.,medium,,{},2025-01-04T15:21:00,
task-200,Design schema migration 200,Task,completed,taylor.grant4@example.com,A unit of work within a project.,medium,,{},2025-01-04T15:22:00,
task-201,Test API contract 201,Task,at_risk,sawyer.foster21@example.com,A unit of work within a project.,high,,{},2025-01-04T15:23:00,
task-202,Write integration test 202,Task,at_risk,sawyer.foster21@example.com,A unit of work within a project.,high,,{},2025-01-04T15:24:00,
task-203,Update dashboard panel 203,Task,in_progress,jordan.lindqvist8@example.com,A unit of work within a project.,critical,,{},2025-01-04T15:25:00,
task-204,Update schema migration 204,Task,completed,peyton.xu12@example.com,A unit of work within a project.,critical,,{},2025-01-04T15:26:00,
task-205,Test schema migration 205,Task,completed,wren.yates19@example.com,A unit of work within a project.,low,,{},2025-01-04T15:27:00,
task-206,Update config 206,Task,not_started,peyton.xu12@example.com,A unit of work within a project.,medium,,{},2025-01-04T15:28:00,
task-207,Document schema migration 207,Task,completed,sage.grant17@example.com,A unit of work within a project.,critical,,{},2025-01-04T15:29:00,
task-208,Document runbook 208,Task,blocked,elliot.gable28@example.com,A unit of work within a project.,low,,{},2025-01-04T15:30:00,
task-209,Document load test 209,Task,blocked,ira.cortez31@example.com,A unit of work within a project.,medium,,{},2025-01-04T15:31:00,
task-210,Design API contract 210,Task,blocked,cameron.huxley5@example.com,A unit of work within a project.,low,,{},2025-01-04T15:32:00,
task-211,Deploy alert rule 211,Task,completed,marlowe.xu20@example.com,A unit of work within a project.,critical,,{},2025-01-04T15:33:00,
task-212,Review integration test 212,Task,completed,wren.yates19@example.com,A unit of work within a project.,low,,{},2025-01-04T15:34:00,
task-213,Fix load test 213,Task,blocked,frankie.quaid22@example.com,A unit of work within a project.,low,,{},2025-01-04T15:35:00,
task-214,Write integration test 214,Task,at_risk,riley.osei27@example.com,A unit of work within a project.,medium,,{},2025-01-04T15:36:00,
task-215,Write API contract 215,Task,blocked,wren.zabala23@example.com,A unit of work within a project.,high,,{},2025-01-04T15:37:00,
task-216,Write load test 216,Task,at_risk,elliot.gable28@example.com,A unit of work within a project.,critical,,{},2025-01-04T15:38:00,
task-217,Deploy API contract 217,Task,in_progress,wren.zabala23@example.com,A unit of work within a project.,medium,,{},2025-01-04T15:39:00,
task-218,Fix index 218,Task,not_started,rowan.jovanovic38@example.com,A unit of work within a project.,high,,{},2025-01-04T15:40:00,
task-219,Update integration test 219,Task,completed,elliot.gable28@example.com,A unit of work within a project.,critical,,{},2025-01-04T15:41:00,
task-220,Deploy alert rule 220,Task,completed,casey.pierce25@example.com,A unit of work within a project.,medium,,{},2025-01-04T15:42:00,
task-221,Design rollback plan 221,Task,not_started,drew.pierce1@example.com,A unit of work within a project.,high,,{},2025-01-04T15:43:00,
task-222,Update alert rule 222,Task,blocked,emerson.cortez35@example.com,A unit of work within a project.,critical,,{},2025-01-04T15:44:00,
task-223,Design config 223,Task,blocked,morgan.estrada13@example.com,A unit of work within a project.,medium,,{},2025-01-04T15:45:00,
task-224,Update rollback plan 224,Task,not_started,jordan.lindqvist8@example.com,A unit of work within a project.,critical,,{},2025-01-04T15:46:00,
task-225,Update load test 225,Task,blocked,cameron.huxley5@example.com,A unit of work within a project.,medium,,{},2025-01-04T15:47:00,
task-226,Document API contract 226,Task,at_risk,casey.ingram34@example.com,A unit of work within a project.,medium,,{},2025-01-04T15:48:00,
task-227,Design load test 227,Task,in_progress,wren.zabala23@example.com,A unit of work within a project.,high,,{},2025-01-04T15:49:00,
task-228,Review rollback plan 228,Task,in_progress,kip.yates15@example.com,A unit of work within a project.,low,,{},2025-01-04T15:50:00,
task-229,Write integration test 229,Task,at_risk,harper.zabala36@example.com,A unit of work within a project.,medium,,{},2025-01-04T15:51:00,
task-230,Update alert rule 230,Task,in_progress,kendall.ingram39@example.com,A unit of work within a project.,critical,,{},2025-01-04T15:52:00,
task-231,Review config 231,Task,blocked,skyler.quaid30@example.com,A unit of work within a project.,low,,{},2025-01-04T15:53:00,
task-232,Fix index 232,Task,not_started,jordan.lindqvist8@example.com,A unit of work within a project.,medium,,{},2025-01-04T15:54:00,
task-233,Review dashboard panel 233,Task,blocked,cy.gable33@example.com,A unit of work within a project.,medium,,{},2025-01-04T15:55:00,
task-234,Deploy alert rule 234,Task,at_risk,avery.zabala11@example.com,A unit of work within a project.,high,,{},2025-01-04T15:56:00,
task-235,Fix alert rule 235,Task,not_started,cameron.duvall7@example.com,A unit of work within a project.,high,,{},2025-01-04T15:57:00,
task-236,Design load test 236,Task,in_progress,marlowe.xu20@example.com,A unit of work within a project.,high,,{},2025-01-04T15:58:00,
task-237,Document alert rule 237,Task,completed,cameron.huxley5@example.com,A unit of work within a project.,medium,,{},2025-01-04T15:59:00,
task-238,Test alert rule 238,Task,completed,jordan.lindqvist8@example.com,A unit of work within a project.,medium,,{},2025-01-04T16:00:00,
task-239,Review alert rule 239,Task,in_progress,denny.reyes37@example.com,A unit of work within a project.,high,,{},2025-01-04T16:01:00,
task-240,Deploy index 240,Task,at_risk,sawyer.foster21@example.com,A unit of work within a project.,critical,,{},2025-01-04T16:02:00,
task-241,Write API contract 241,Task,not_started,harper.zabala36@example.com,A unit of work within a project.,medium,,{},2025-01-04T16:03:00,
task-242,Test index 242,Task,blocked,kendall.ingram39@example.com,A unit of work within a project.,critical,,{},2025-01-04T16:04:00,
task-243,Update alert rule 243,Task,completed,wren.yates19@example.com,A unit of work within a project.,low,,{},2025-01-04T16:05:00,
task-244,Test runbook 244,Task,completed,wren.keller29@example.com,A unit of work within a project.,critical,,{},2025-01-04T16:06:00,
proj-atlas,Project Atlas,Project,at_risk,rowan.carter0@example.com,Flagship platform migration project used as the repo's demo anchor.,critical,high,"{""org_unit"": ""Platform""}",2025-01-06T14:02:00,
task-atlas-blocker-1,Atlas blocker task 1,Task,at_risk,drew.pierce1@example.com,Task in the planted blocker chain behind Project Atlas.,critical,,{},2025-01-06T14:13:00,
task-atlas-blocker-2,Atlas blocker task 2,Task,blocked,quinn.jovanovic2@example.com,Task in the planted blocker chain behind Project Atlas.,critical,,{},2025-01-06T14:14:00,
task-atlas-blocker-3,Atlas blocker task 3,Task,at_risk,ira.cortez3@example.com,Task in the planted blocker chain behind Project Atlas.,critical,,{},2025-01-06T14:15:00,
task-atlas-blocker-4,Atlas blocker task 4,Task,blocked,taylor.grant4@example.com,Task in the planted blocker chain behind Project Atlas.,critical,,{},2025-01-06T14:16:00,
task-atlas-blocker-5,Atlas blocker task 5,Task,at_risk,cameron.huxley5@example.com,Task in the planted blocker chain behind Project Atlas.,critical,,{},2025-01-06T14:17:00,
